<?xml version="1.0" encoding="UTF-8"?>
<beans xmlns="http://www.springframework.org/schema/beans"
    xmlns:xsi="http://www.w3.org/2001/XMLSchema-instance"
    xsi:schemaLocation="
        http://www.springframework.org/schema/beans http://www.springframework.org/schema/beans/spring-beans.xsd">

 
 <bean id="produtObj" class="com.training.bean.Product">
 
 <property name="data">
 <!-- collection Dependency Injection  with setter injection-->
 <list>
 <value>raju</value>
 <value>smith</value>
 <value>ramesh</value>
 </list>
 </property>
 
 
 <property name="models">
 <set>
 <value>Arjun</value>
 <value>Nagarjuna</value>
 <value>Bunny</value>
 </set>
  </property>
 
 <property name="modes">
 <map>
 <entry key="1" value="One"></entry>
 <entry key="2" value="Two"></entry>
 <entry key="3" value="Three"></entry>
 </map>
 
 </property>
 
 </bean>
 
        
        
        
        
 </beans>