<?xml version="1.0" encoding="UTF-8"?>
<beans xmlns="http://www.springframework.org/schema/beans"
    xmlns:xsi="http://www.w3.org/2001/XMLSchema-instance"
    xsi:schemaLocation="
        http://www.springframework.org/schema/beans http://www.springframework.org/schema/beans/spring-beans.xsd">
      
      
      
   <bean id="empObj" class="com.training.Employee" scope="prototype">
   <property name="empId" value="1001"></property> 
   <property name="empName" value="Ganapthi"></property> 
   <property name="empSal" value="4000"></property> 
   </bean>   
      
        
        
      </beans>
   