<?xml version="1.0" encoding="UTF-8"?>
<beans xmlns="http://www.springframework.org/schema/beans"
xmlns:p="http://www.springframework.org/schema/p"
xmlns:tx="http://www.springframework.org/schema/tx"
xmlns:aop="http://www.springframework.org/schema/aop"
xmlns:context="http://www.springframework.org/schema/context"
xmlns:xsi="http://www.w3.org/2001/XMLSchema-instance"
xsi:schemaLocation="
 http://www.springframework.org/schema/beans 
 
http://www.springframework.org/schema/beans/spring-beans.xsd
 http://www.springframework.org/schema/context 
http://www.springframework.org/schema/context/spring-context.xsd
 http://www.springframework.org/schema/tx 
 http://www.springframework.org/schema/tx/spring-tx.xsd
 http://www.springframework.org/schema/aop 
 http://www.springframework.org/schema/aop/spring-aop.xsd">
 
 
  <!-- Activation of stereo type annotation -->
<context:component-scan base-package="com.training"/>

<!-- Activation transaction manager -->
<tx:annotation-driven/>

<!-- Link properties file -->
<context:property-placeholder location="MyData.properties"/>


<!-- 1.DataSource object -->
<bean class="org.springframework.jdbc.datasource.DriverManagerDataSource" name="dsObj"
p:driverClassName="${dcn}"
p:url="${url}"
p:username="${un}"
p:password="${pwd}"
/>

<!-- 2.LocalSessionFactoryBean object -->

<bean class="org.springframework.orm.hibernate5.LocalSessionFactoryBean" name="lsbObj">
<property name="dataSource" ref="dsObj"/>
<property name="hibernateProperties">
<props>
<prop key="hibernate.dialect">${dialects}</prop>
<prop key="hibernate.show_sql">${showsql}</prop>
<prop key="hibernate.format_sql">${formatsql}</prop>
<prop key="hibernate.hbm2ddl.auto">${hbmauto}</prop>
</props>
</property>

<property name="annotatedClasses">
<list><!--orm mapping-->
<value>com.training.entity.User</value>
</list>
</property>
</bean>

<bean class="org.springframework.orm.hibernate5.HibernateTemplate" name="htObj">
<property name="sessionFactory" ref="lsbObj"/>

</bean>
<bean class="org.springframework.orm.hibernate5.HibernateTransactionManager" name="transactionManager">
<property name="sessionFactory" ref="lsbObj"/>
</bean>






 
 </beans>