<?xml version="1.0" encoding="UTF-8"?>
<beans xmlns="http://www.springframework.org/schema/beans"
    xmlns:xsi="http://www.w3.org/2001/XMLSchema-instance"
    xsi:schemaLocation="
        http://www.springframework.org/schema/beans http://www.springframework.org/schema/beans/spring-beans.xsd">
        
 <bean id="empObj" class="com.training.bean.Employee">
 
 <!--setter injection-->
 <property name="empId" value="1001"></property>
 <property name="empName" value="smith"></property>
 <property name="empSal" value="4000"></property>
 
 </bean>  
 
 
 <bean id="prodObj" class="com.training.bean.Product">
 <!-- constructor Injection -->
 <constructor-arg name="productId" value="105"></constructor-arg>
 <constructor-arg name="productName" value="mouse"></constructor-arg>
 <constructor-arg name="price" value="500"></constructor-arg>
 </bean>     
        
        
</beans>       